name,market_value_in_eur
Player_1,5933097
Player_2,2769238
Player_3,7111517
Player_4,20330561
Player_5,2468240
Player_6,2468288
Player_7,21748500
Player_8,8210477
Player_9,1861011
Player_10,6268652
Player_11,1874586
Player_12,1869392
Player_13,4370354
Player_14,329082
Player_15,412544
Player_16,1664865
Player_17,969564
Player_18,4766375
Player_19,1099505
Player_20,600330
Player_21,18977763
Player_22,2493177
Player_23,3544947
Player_24,591432
Player_25,1701023
Player_26,3734435
Player_27,821434
Player_28,5131135
Player_29,1589982
Player_30,2303562
Player_31,1587946
Player_32,30181322
Player_33,3216496
Player_34,918729
Player_35,8771811
Player_36,755388
Player_37,4200173
Player_38,311263
Player_39,664092
Player_40,4140112
Player_41,7929970
Player_42,4015377
Player_43,2845422
Player_44,2277697
Player_45,554473
Player_46,1378059
Player_47,1880848
Player_48,11623583
Player_49,4937363
Player_50,394096
Player_51,4822971
Player_52,2059350
Player_53,1450898
Player_54,6810741
Player_55,11264868
Player_56,9994406
Player_57,1194142
Player_58,2255641
Player_59,4864702
Player_60,10539642
Player_61,1839475
Player_62,2616136
Player_63,866656
Player_64,778054
Player_65,8666980
Player_66,16642796
Player_67,2998395
Player_68,10899630
Player_69,5045277
Player_70,1507338
Player_71,5043822
Player_72,20699992
Player_73,3131456
Player_74,21371576
Player_75,140970
Player_76,8765051
Player_77,3628959
Player_78,2283434
Player_79,3649544
Player_80,301015
Player_81,2511507
Player_82,5017965
Player_83,19258688
Player_84,1755169
Player_85,1238990
Player_86,1790296
Player_87,9805779
Player_88,4850058
Player_89,1731134
Player_90,6052130
Player_91,3672903
Player_92,10452732
Player_93,1407796
Player_94,2206251
Player_95,2042061
Player_96,564548
Player_97,4663814
Player_98,4471642
Player_99,3289138
Player_100,2466955
Player_101,598125
Player_102,1973315
Player_103,2166757
Player_104,1248267
Player_105,2693783
Player_106,5308718
Player_107,31434704
Player_108,4030872
Player_109,4452874
Player_110,2989644
Player_111,326921
Player_112,3166645
Player_113,3514037
Player_114,62826689
Player_115,2595181
Player_116,4694287
Player_117,3135646
Player_118,804186
Player_119,12882590
Player_120,8059157
Player_121,8446294
Player_122,1097708
Player_123,17599009
Player_124,607907
Player_125,6610887
Player_126,45287732
Player_127,995854
Player_128,1656873
Player_129,3684265
Player_130,1786607
Player_131,508491
Player_132,3549351
Player_133,913679
Player_134,5770740
Player_135,1084566
Player_136,20997654
Player_137,1277091
Player_138,2221128
Player_139,8677297
Player_140,746359
Player_141,4294956
Player_142,15690583
Player_143,474976
Player_144,4079808
Player_145,4465355
Player_146,8353468
Player_147,740928
Player_148,670280
Player_149,6115455
Player_150,4668655
Player_151,4415322
Player_152,4954158
Player_153,1445506
Player_154,4319734
Player_155,4646788
Player_156,1387172
Player_157,30674106
Player_158,5772405
Player_159,782646
Player_160,7187574
Player_161,1014982
Player_162,8406380
Player_163,13128745
Player_164,1221000
Player_165,10386852
Player_166,5364625
Player_167,8766710
Player_168,31837378
Player_169,2435187
Player_170,1323137
Player_171,1124200
Player_172,1228159
Player_173,2980131
Player_174,4922772
Player_175,4556334
Player_176,8820771
Player_177,3320421
Player_178,18703867
Player_179,2379525
Player_180,85515054
Player_181,6926054
Player_182,1168709
Player_183,904311
Player_184,5832561
Player_185,2500108
Player_186,7700536
Player_187,5768283
Player_188,2995450
Player_189,1183335
Player_190,530822
Player_191,1912997
Player_192,9135500
Player_193,4226617
Player_194,733155
Player_195,4024121
Player_196,5190709
Player_197,1131857
Player_198,3931258
Player_199,3505523
Player_200,829381
Player_201,5022030
Player_202,6407254
Player_203,11990934
Player_204,11577365
Player_205,625806
Player_206,1060880
Player_207,6064983
Player_208,6055897
Player_209,6065073
Player_210,332875062
Player_211,6485429
Player_212,12770888
Player_213,10270662
Player_214,7143186
Player_215,2239306
Player_216,8127492
Player_217,1293173
Player_218,2460358
Player_219,1825863
Player_220,3606502
Player_221,52566536
Player_222,347764
Player_223,7448418
Player_224,472003
Player_225,1855531
Player_226,12076122
Player_227,3531156
Player_228,896905
Player_229,1385588
Player_230,7389105
Player_231,1360768
Player_232,4238628
Player_233,3452766
Player_234,1495662
Player_235,42829295
Player_236,6994976
Player_237,287744
Player_238,4088730
Player_239,1477491
Player_240,9092132
Player_241,1262968
Player_242,2848537
Player_243,5992293
Player_244,9238649
Player_245,774245
Player_246,2188218
Player_247,1848833
Player_248,1492562
Player_249,27195038
Player_250,5314651
Player_251,719951
Player_252,9834767
Player_253,41724015
Player_254,11284699
Player_255,527949
Player_256,1828340
Player_257,14951069
Player_258,1398340
Player_259,5568205
Player_260,8281716
Player_261,1074841
Player_262,3043654
Player_263,66868
Player_264,956211
Player_265,2414295
Player_266,731359
Player_267,23182159
Player_268,587616
Player_269,1927909
Player_270,3824310
Player_271,18430693
Player_272,583596
Player_273,13200912
Player_274,3309407
Player_275,1006701
Player_276,5691726
Player_277,4151049
Player_278,1590787
Player_279,3554633
Player_280,2058779
Player_281,3746081
Player_282,7235838
Player_283,21926799
Player_284,740159
Player_285,42272192
Player_286,314108
Player_287,2724670
Player_288,6622481
Player_289,4579911
Player_290,1548443
Player_291,2546558
Player_292,1809206
Player_293,1611639
Player_294,9061294
Player_295,5017380
Player_296,1423328
Player_297,9621587
Player_298,4726802
Player_299,8670478
Player_300,6959057
Player_301,1208881
Player_302,1669079
Player_303,8014414
Player_304,6800075
Player_305,3188043
Player_306,3763247
Player_307,15145255
Player_308,1607377
Player_309,6302877
Player_310,2564742
Player_311,2517514
Player_312,12219361
Player_313,8802088
Player_314,8677218
Player_315,15659284
Player_316,3352458
Player_317,7410019
Player_318,2252789
Player_319,4823448
Player_320,2796357
Player_321,3672543
Player_322,6677060
Player_323,1224612
Player_324,40259829
Player_325,977524
Player_326,761445
Player_327,13121111
Player_328,8452689
Player_329,6913204
Player_330,6948348
Player_331,3221326
Player_332,1113807
Player_333,3580329
Player_334,1450481
Player_335,10534263
Player_336,2740171
Player_337,1213966
Player_338,2222930
Player_339,5365594
Player_340,1661997
Player_341,1218749
Player_342,4379410
Player_343,4386138
Player_344,1779188
Player_345,1857522
Player_346,4318678
Player_347,575099
Player_348,603827
Player_349,1380376
Player_350,2530337
Player_351,4747311
Player_352,19200127
Player_353,9149333
Player_354,2698141
Player_355,3195264
Player_356,981625
Player_357,3197194
Player_358,2311967
Player_359,4815075
Player_360,1211443
Player_361,6096441
Player_362,20568815
Player_363,2869039
Player_364,5293838
Player_365,7483212
Player_366,2019853
Player_367,4277635
Player_368,3318790
Player_369,3675542
Player_370,1292886
Player_371,3366594
Player_372,5942247
Player_373,18650291
Player_374,10335808
Player_375,43306744
Player_376,1301701
Player_377,9311723
Player_378,4073488
Player_379,45252275
Player_380,1239281
Player_381,1193420
Player_382,1592361
Player_383,255588
Player_384,1739475
Player_385,1314597
Player_386,3915574
Player_387,4926341
Player_388,31059181
Player_389,10226660
Player_390,1635919
Player_391,1112257
Player_392,5899056
Player_393,670460
Player_394,29436634
Player_395,13461282
Player_396,1861678
Player_397,418418
Player_398,16595578
Player_399,2849209
Player_400,14438077
Player_401,482476
Player_402,1592395
Player_403,3289652
Player_404,3458607
Player_405,1904864
Player_406,6902677
Player_407,907869
Player_408,2755596
Player_409,3776675
Player_410,6060643
Player_411,7678523
Player_412,847824
Player_413,518690
Player_414,15145472
Player_415,4870839
Player_416,1331499
Player_417,21028356
Player_418,3755791
Player_419,13458973
Player_420,3544905
Player_421,38759928
Player_422,26866991
Player_423,2424759
Player_424,10489498
Player_425,7091809
Player_426,16892121
Player_427,1026937
Player_428,7446552
Player_429,11641762
Player_430,396135
Player_431,790238
Player_432,282920
Player_433,2366001
Player_434,7733334
Player_435,19832418
Player_436,3572991
Player_437,23076807
Player_438,623982
Player_439,423344
Player_440,3058217
Player_441,5182916
Player_442,3143245
Player_443,273503
Player_444,2937460
Player_445,683264
Player_446,7301621
Player_447,5075410
Player_448,1058268
Player_449,1764467
Player_450,917074
Player_451,3032157
Player_452,10284729
Player_453,1001619
Player_454,5985532
Player_455,1730101
Player_456,1262434
Player_457,2875000
Player_458,943837
Player_459,1682213
Player_460,776495
Player_461,34541434
Player_462,3410318
Player_463,1411734
Player_464,4226039
Player_465,2856781
Player_466,2507599
Player_467,6831125
Player_468,8113251
Player_469,1729596
Player_470,1638051
Player_471,2350028
Player_472,206425
Player_473,530603
Player_474,16856537
Player_475,23534106
Player_476,2424550
Player_477,6529679
Player_478,4749263
Player_479,131518353
Player_480,12528165
Player_481,2803835
Player_482,1038565
Player_483,475567
Player_484,4173044
Player_485,1318992
Player_486,593205
Player_487,1504712
Player_488,892821
Player_489,24755790
Player_490,9416440
Player_491,3237891
Player_492,19306125
Player_493,3587054
Player_494,1162936
Player_495,20332860
Player_496,6241256
Player_497,941570
Player_498,2601486
Player_499,1143104
Player_500,621965
